Expo/ASM/Hooks/a	Expo/ASM/Hooks/a_2
Expo/ASM/Hooks/b	Expo/ASM/Hooks/b_2
Expo/ASM/Hooks/c	Expo/ASM/Hooks/c_2
Expo/ASM/Hooks/e	Expo/ASM/Hooks/e_2
Expo/ASM/Hooks/f	Expo/ASM/Hooks/f_2
Expo/ASM/Hooks/g	Expo/ASM/Hooks/g_2
Expo/ASM/Hooks/h	Expo/ASM/Hooks/h_2
Expo/ASM/Hooks/i	Expo/ASM/Hooks/i_2
Expo/ASM/Hooks/j	Expo/ASM/Hooks/j_2
Expo/ASM/Hooks/l	Expo/ASM/Hooks/l_2
Expo/ASM/Hooks/m	Expo/ASM/Hooks/m_2
Expo/ASM/Hooks/n	Expo/ASM/Hooks/n_2
Expo/ASM/Hooks/o	Expo/ASM/Hooks/o_2
Expo/ASM/Hooks/q	Expo/ASM/Hooks/q_2
Expo/ASM/Hooks/s	Expo/ASM/Hooks/s_2
Expo/ASM/Hooks/t	Expo/ASM/Hooks/t_2
Expo/ASM/Hooks/u	Expo/ASM/Hooks/u_2
Expo/ASM/Hooks/v	Expo/ASM/Hooks/v_2
Expo/ASM/Hooks/x	Expo/ASM/Hooks/x_2
Expo/ASM/Hooks/y	Expo/ASM/Hooks/y_2
Expo/ASM/Hooks/z	Expo/ASM/Hooks/z_2
Expo/ASM/Rg	Expo/ASM/Rg_2
Expo/ASM/Rm	Expo/ASM/Rm_2
Expo/ASM/Rq	Expo/ASM/Rq_2
Expo/ASM/Ry	Expo/ASM/Ry_2
Expo/ASM/a	Expo/ASM/a_2
Expo/ASM/b	Expo/ASM/b_2
Expo/ASM/c	Expo/ASM/c_2
Expo/ASM/d	Expo/ASM/d_2
Expo/ASM/e	Expo/ASM/e_2
Expo/ASM/f	Expo/ASM/f_2
Expo/ASM/g	Expo/ASM/g_2
Expo/ASM/h	Expo/ASM/h_2
Expo/ASM/i	Expo/ASM/i_2
Expo/ASM/j	Expo/ASM/j_2
Expo/ASM/k	Expo/ASM/k_2
Expo/ASM/l	Expo/ASM/l_2
Expo/ASM/m	Expo/ASM/m_2
Expo/ASM/n	Expo/ASM/n_2
Expo/ASM/o	Expo/ASM/o_2
Expo/ASM/p	Expo/ASM/p_2
Expo/ASM/q	Expo/ASM/q_2
Expo/ASM/r	Expo/ASM/r_2
Expo/ASM/s	Expo/ASM/s_2
Expo/ASM/t	Expo/ASM/t_2
Expo/ASM/u	Expo/ASM/u_2
Expo/ASM/v	Expo/ASM/v_2
Expo/ASM/w	Expo/ASM/w_2
Expo/ASM/x	Expo/ASM/x_2
Expo/ASM/y	Expo/ASM/y_2
Expo/ASM/z	Expo/ASM/z_2
Expo/Aa	Expo/Aa_2
Expo/Aa$ConstantPool	Expo/Aa_2$ConstantPool
Expo/Ab	Expo/Ab_2
Expo/Ab$ConstantPool	Expo/Ab_2$ConstantPool
Expo/Ac	Expo/Ac_2
Expo/Ac$ConstantPool	Expo/Ac_2$ConstantPool
Expo/Ad	Expo/Ad_2
Expo/Ad$ConstantPool	Expo/Ad_2$ConstantPool
Expo/Ae	Expo/Ae_2
Expo/Ae$ConstantPool	Expo/Ae_2$ConstantPool
Expo/Af	Expo/Af_2
Expo/Af$ConstantPool	Expo/Af_2$ConstantPool
Expo/Ag	Expo/Ag_2
Expo/Ag$ConstantPool	Expo/Ag_2$ConstantPool
Expo/Ah	Expo/Ah_2
Expo/Ah$ConstantPool	Expo/Ah_2$ConstantPool
Expo/Ai	Expo/Ai_2
Expo/Ai$ConstantPool	Expo/Ai_2$ConstantPool
Expo/Aj	Expo/Aj_2
Expo/Aj$ConstantPool	Expo/Aj_2$ConstantPool
Expo/Ak	Expo/Ak_2
Expo/Ak$ConstantPool	Expo/Ak_2$ConstantPool
Expo/Al	Expo/Al_2
Expo/Al$ConstantPool	Expo/Al_2$ConstantPool
Expo/Am	Expo/Am_2
Expo/Am$ConstantPool	Expo/Am_2$ConstantPool
Expo/An	Expo/An_2
Expo/An$ConstantPool	Expo/An_2$ConstantPool
Expo/Ao	Expo/Ao_2
Expo/Ao$ConstantPool	Expo/Ao_2$ConstantPool
Expo/Ap	Expo/Ap_2
Expo/Ap$ConstantPool	Expo/Ap_2$ConstantPool
Expo/Aq	Expo/Aq_2
Expo/Aq$ConstantPool	Expo/Aq_2$ConstantPool
Expo/Ar	Expo/Ar_2
Expo/Ar$ConstantPool	Expo/Ar_2$ConstantPool
Expo/As	Expo/As_2
Expo/As$ConstantPool	Expo/As_2$ConstantPool
Expo/At	Expo/At_2
Expo/At$ConstantPool	Expo/At_2$ConstantPool
Expo/Au	Expo/Au_2
Expo/Au$ConstantPool	Expo/Au_2$ConstantPool
Expo/Av	Expo/Av_2
Expo/Av$ConstantPool	Expo/Av_2$ConstantPool
Expo/Aw	Expo/Aw_2
Expo/Aw$ConstantPool	Expo/Aw_2$ConstantPool
Expo/Ax	Expo/Ax_2
Expo/Ax$ConstantPool	Expo/Ax_2$ConstantPool
Expo/Ay	Expo/Ay_2
Expo/Ay$ConstantPool	Expo/Ay_2$ConstantPool
Expo/Az	Expo/Az_2
Expo/Az$ConstantPool	Expo/Az_2$ConstantPool
Expo/Ea	Expo/Ea_2
Expo/Ea$ConstantPool	Expo/Ea_2$ConstantPool
Expo/Eb	Expo/Eb_2
Expo/Eb$ConstantPool	Expo/Eb_2$ConstantPool
Expo/Ec	Expo/Ec_2
Expo/Ec$ConstantPool	Expo/Ec_2$ConstantPool
Expo/Ed	Expo/Ed_2
Expo/Ed$ConstantPool	Expo/Ed_2$ConstantPool
Expo/Ee	Expo/Ee_2
Expo/Ee$ConstantPool	Expo/Ee_2$ConstantPool
Expo/Ef	Expo/Ef_2
Expo/Ef$ConstantPool	Expo/Ef_2$ConstantPool
Expo/Eg	Expo/Eg_2
Expo/Eg$ConstantPool	Expo/Eg_2$ConstantPool
Expo/Eh	Expo/Eh_2
Expo/Eh$ConstantPool	Expo/Eh_2$ConstantPool
Expo/Ei	Expo/Ei_2
Expo/Ei$ConstantPool	Expo/Ei_2$ConstantPool
Expo/Ej	Expo/Ej_2
Expo/Ej$ConstantPool	Expo/Ej_2$ConstantPool
Expo/Ek	Expo/Ek_2
Expo/Ek$ConstantPool	Expo/Ek_2$ConstantPool
Expo/El	Expo/El_2
Expo/El$ConstantPool	Expo/El_2$ConstantPool
Expo/Em	Expo/Em_2
Expo/Em$ConstantPool	Expo/Em_2$ConstantPool
Expo/En	Expo/En_2
Expo/En$ConstantPool	Expo/En_2$ConstantPool
Expo/Eo	Expo/Eo_2
Expo/Eo$ConstantPool	Expo/Eo_2$ConstantPool
Expo/Ep	Expo/Ep_2
Expo/Ep$ConstantPool	Expo/Ep_2$ConstantPool
Expo/Eq	Expo/Eq_2
Expo/Eq$ConstantPool	Expo/Eq_2$ConstantPool
Expo/Er	Expo/Er_2
Expo/Er$ConstantPool	Expo/Er_2$ConstantPool
Expo/Es	Expo/Es_2
Expo/Es$ConstantPool	Expo/Es_2$ConstantPool
Expo/Et	Expo/Et_2
Expo/Et$ConstantPool	Expo/Et_2$ConstantPool
Expo/Eu	Expo/Eu_2
Expo/Eu$ConstantPool	Expo/Eu_2$ConstantPool
Expo/Ev	Expo/Ev_2
Expo/Ev$ConstantPool	Expo/Ev_2$ConstantPool
Expo/Ew	Expo/Ew_2
Expo/Ew$ConstantPool	Expo/Ew_2$ConstantPool
Expo/Ex	Expo/Ex_2
Expo/Ex$ConstantPool	Expo/Ex_2$ConstantPool
Expo/Ey	Expo/Ey_2
Expo/Ey$ConstantPool	Expo/Ey_2$ConstantPool
Expo/Ez	Expo/Ez_2
Expo/Ez$ConstantPool	Expo/Ez_2$ConstantPool
Expo/Pc	Expo/Pc_2
Expo/Pc$ConstantPool	Expo/Pc_2$ConstantPool
Expo/Pe	Expo/Pe_2
Expo/Pe$ConstantPool	Expo/Pe_2$ConstantPool
Expo/Pg	Expo/Pg_2
Expo/Pg$ConstantPool	Expo/Pg_2$ConstantPool
Expo/Pi	Expo/Pi_2
Expo/Pi$ConstantPool	Expo/Pi_2$ConstantPool
Expo/Pm	Expo/Pm_2
Expo/Pm$ConstantPool	Expo/Pm_2$ConstantPool
Expo/Pn	Expo/Pn_2
Expo/Pn$ConstantPool	Expo/Pn_2$ConstantPool
Expo/Po	Expo/Po_2
Expo/Po$ConstantPool	Expo/Po_2$ConstantPool
Expo/Protected/a	Expo/Protected/a_2
Expo/Protected/b	Expo/Protected/b_2
Expo/Protected/c	Expo/Protected/c_2
Expo/Protected/d	Expo/Protected/d_2
Expo/Protected/e	Expo/Protected/e_2
Expo/Protected/f	Expo/Protected/f_2
Expo/Protected/g	Expo/Protected/g_2
Expo/Protected/h	Expo/Protected/h_2
Expo/Protected/i	Expo/Protected/i_2
Expo/Protected/j	Expo/Protected/j_2
Expo/Protected/k	Expo/Protected/k_2
Expo/Protected/l	Expo/Protected/l_2
Expo/Protected/m	Expo/Protected/m_2
Expo/Protected/n	Expo/Protected/n_2
Expo/Protected/o	Expo/Protected/o_2
Expo/Protected/p	Expo/Protected/p_2
Expo/Protected/q	Expo/Protected/q_2
Expo/Protected/r	Expo/Protected/r_2
Expo/Protected/s	Expo/Protected/s_2
Expo/Protected/t	Expo/Protected/t_2
Expo/Protected/tA	Expo/Protected/tA_2
Expo/Protected/ta	Expo/Protected/ta_3
Expo/Protected/tb	Expo/Protected/tb_2
Expo/Protected/tc	Expo/Protected/tc_2
Expo/Protected/td	Expo/Protected/td_2
Expo/Protected/te	Expo/Protected/te_2
Expo/Protected/tf	Expo/Protected/tf_2
Expo/Protected/tg	Expo/Protected/tg_2
Expo/Protected/th	Expo/Protected/th_2
Expo/Protected/ti	Expo/Protected/ti_2
Expo/Protected/tj	Expo/Protected/tj_2
Expo/Protected/tk	Expo/Protected/tk_2
Expo/Protected/tl	Expo/Protected/tl_2
Expo/Protected/tm	Expo/Protected/tm_2
Expo/Protected/tn	Expo/Protected/tn_2
Expo/Protected/to	Expo/Protected/to_2
Expo/Protected/tp	Expo/Protected/tp_2
Expo/Protected/tq	Expo/Protected/tq_2
Expo/Protected/tr	Expo/Protected/tr_2
Expo/Protected/ts	Expo/Protected/ts_2
Expo/Protected/tt	Expo/Protected/tt_2
Expo/Protected/tu	Expo/Protected/tu_2
Expo/Protected/tv	Expo/Protected/tv_2
Expo/Protected/tw	Expo/Protected/tw_2
Expo/Protected/tx	Expo/Protected/tx_2
Expo/Protected/ty	Expo/Protected/ty_2
Expo/Protected/tz	Expo/Protected/tz_2
Expo/Protected/u	Expo/Protected/u_2
Expo/Protected/v	Expo/Protected/v_2
Expo/Protected/w	Expo/Protected/w_2
Expo/Protected/x	Expo/Protected/x_2
Expo/Protected/y	Expo/Protected/y_2
Expo/Protected/z	Expo/Protected/z_2
Expo/Ta	Expo/Ta_2
Expo/Ta$ConstantPool	Expo/Ta_2$ConstantPool
Expo/Tb	Expo/Tb_2
Expo/Tb$ConstantPool	Expo/Tb_2$ConstantPool
Expo/Tc	Expo/Tc_2
Expo/Tc$ConstantPool	Expo/Tc_2$ConstantPool
Expo/Td	Expo/Td_2
Expo/Td$ConstantPool	Expo/Td_2$ConstantPool
Expo/Te	Expo/Te_2
Expo/Te$ConstantPool	Expo/Te_2$ConstantPool
Expo/Tf	Expo/Tf_2
Expo/Tf$ConstantPool	Expo/Tf_2$ConstantPool
Expo/Tg	Expo/Tg_2
Expo/Tg$ConstantPool	Expo/Tg_2$ConstantPool
Expo/Th	Expo/Th_2
Expo/Th$ConstantPool	Expo/Th_2$ConstantPool
Expo/Ti	Expo/Ti_2
Expo/Ti$ConstantPool	Expo/Ti_2$ConstantPool
Expo/Tj	Expo/Tj_2
Expo/Tj$ConstantPool	Expo/Tj_2$ConstantPool
Expo/Tk	Expo/Tk_2
Expo/Tk$ConstantPool	Expo/Tk_2$ConstantPool
Expo/Tl	Expo/Tl_2
Expo/Tl$ConstantPool	Expo/Tl_2$ConstantPool
Expo/Tm	Expo/Tm_2
Expo/Tm$ConstantPool	Expo/Tm_2$ConstantPool
Expo/Tn	Expo/Tn_2
Expo/Tn$ConstantPool	Expo/Tn_2$ConstantPool
Expo/To	Expo/To_2
Expo/To$ConstantPool	Expo/To_2$ConstantPool
Expo/Tp	Expo/Tp_2
Expo/Tp$ConstantPool	Expo/Tp_2$ConstantPool
Expo/Tq	Expo/Tq_2
Expo/Tq$ConstantPool	Expo/Tq_2$ConstantPool
Expo/Tr	Expo/Tr_2
Expo/Tr$ConstantPool	Expo/Tr_2$ConstantPool
Expo/Ts	Expo/Ts_2
Expo/Ts$ConstantPool	Expo/Ts_2$ConstantPool
Expo/Tt	Expo/Tt_2
Expo/Tt$ConstantPool	Expo/Tt_2$ConstantPool
Expo/Tu	Expo/Tu_2
Expo/Tu$ConstantPool	Expo/Tu_2$ConstantPool
Expo/Tv	Expo/Tv_2
Expo/Tv$ConstantPool	Expo/Tv_2$ConstantPool
Expo/Tw	Expo/Tw_2
Expo/Tw$ConstantPool	Expo/Tw_2$ConstantPool
Expo/Tx	Expo/Tx_2
Expo/Tx$ConstantPool	Expo/Tx_2$ConstantPool
Expo/Ty	Expo/Ty_2
Expo/Ty$ConstantPool	Expo/Ty_2$ConstantPool
Expo/Tz	Expo/Tz_2
Expo/Tz$ConstantPool	Expo/Tz_2$ConstantPool
Expo/Za	Expo/Za_2
Expo/Za$ConstantPool	Expo/Za_2$ConstantPool
Expo/Zb	Expo/Zb_2
Expo/Zb$ConstantPool	Expo/Zb_2$ConstantPool
Expo/Zc	Expo/Zc_2
Expo/Zc$ConstantPool	Expo/Zc_2$ConstantPool
Expo/Zd	Expo/Zd_2
Expo/Zd$ConstantPool	Expo/Zd_2$ConstantPool
Expo/Ze	Expo/Ze_2
Expo/Ze$ConstantPool	Expo/Ze_2$ConstantPool
Expo/Zf	Expo/Zf_2
Expo/Zf$ConstantPool	Expo/Zf_2$ConstantPool
Expo/Zg	Expo/Zg_2
Expo/Zg$ConstantPool	Expo/Zg_2$ConstantPool
Expo/Zh	Expo/Zh_2
Expo/Zh$ConstantPool	Expo/Zh_2$ConstantPool
Expo/Zi	Expo/Zi_2
Expo/Zi$ConstantPool	Expo/Zi_2$ConstantPool
Expo/Zj	Expo/Zj_2
Expo/Zj$ConstantPool	Expo/Zj_2$ConstantPool
Expo/Zk	Expo/Zk_2
Expo/Zk$ConstantPool	Expo/Zk_2$ConstantPool
Expo/Zl	Expo/Zl_2
Expo/Zl$ConstantPool	Expo/Zl_2$ConstantPool
Expo/Zm	Expo/Zm_2
Expo/Zm$ConstantPool	Expo/Zm_2$ConstantPool
Expo/Zn	Expo/Zn_2
Expo/Zn$ConstantPool	Expo/Zn_2$ConstantPool
Expo/Zo	Expo/Zo_2
Expo/Zo$ConstantPool	Expo/Zo_2$ConstantPool
Expo/Zp	Expo/Zp_2
Expo/Zp$ConstantPool	Expo/Zp_2$ConstantPool
Expo/Zq	Expo/Zq_2
Expo/Zq$ConstantPool	Expo/Zq_2$ConstantPool
Expo/Zr	Expo/Zr_2
Expo/Zr$ConstantPool	Expo/Zr_2$ConstantPool
Expo/Zs	Expo/Zs_2
Expo/Zs$ConstantPool	Expo/Zs_2$ConstantPool
Expo/Zt	Expo/Zt_2
Expo/Zt$ConstantPool	Expo/Zt_2$ConstantPool
Expo/Zu	Expo/Zu_2
Expo/Zu$ConstantPool	Expo/Zu_2$ConstantPool
Expo/Zv	Expo/Zv_2
Expo/Zv$ConstantPool	Expo/Zv_2$ConstantPool
Expo/Zw	Expo/Zw_2
Expo/Zw$ConstantPool	Expo/Zw_2$ConstantPool
Expo/Zx	Expo/Zx_2
Expo/Zx$ConstantPool	Expo/Zx_2$ConstantPool
Expo/Zy	Expo/Zy_2
Expo/Zy$ConstantPool	Expo/Zy_2$ConstantPool
Expo/Zz	Expo/Zz_2
Expo/Zz$ConstantPool	Expo/Zz_2$ConstantPool
Expo/a	Expo/a_2
Expo/a$ConstantPool	Expo/a_2$ConstantPool
Expo/a0	Expo/a0_2
Expo/a0$ConstantPool	Expo/a0_2$ConstantPool
Expo/a1	Expo/a1_2
Expo/a1$ConstantPool	Expo/a1_2$ConstantPool
Expo/a2	Expo/a2_2
Expo/a2$ConstantPool	Expo/a2_2$ConstantPool
Expo/a3	Expo/a3_2
Expo/a3$ConstantPool	Expo/a3_2$ConstantPool
Expo/a4	Expo/a4_2
Expo/a4$ConstantPool	Expo/a4_2$ConstantPool
Expo/a5	Expo/a5_2
Expo/a5$ConstantPool	Expo/a5_2$ConstantPool
Expo/a6	Expo/a6_2
Expo/a6$ConstantPool	Expo/a6_2$ConstantPool
Expo/a7	Expo/a7_2
Expo/a7$ConstantPool	Expo/a7_2$ConstantPool
Expo/a8	Expo/a8_2
Expo/a8$ConstantPool	Expo/a8_2$ConstantPool
Expo/a9	Expo/a9_2
Expo/a9$ConstantPool	Expo/a9_2$ConstantPool
Expo/aA	Expo/aA_3
Expo/aA$ConstantPool	Expo/aA_3$ConstantPool
Expo/aB	Expo/aB_3
Expo/aB$ConstantPool	Expo/aB_3$ConstantPool
Expo/aC	Expo/aC_3
Expo/aC$ConstantPool	Expo/aC_3$ConstantPool
Expo/aD	Expo/aD_3
Expo/aD$ConstantPool	Expo/aD_3$ConstantPool
Expo/aE	Expo/aE_3
Expo/aE$ConstantPool	Expo/aE_3$ConstantPool
Expo/aF	Expo/aF_3
Expo/aF$ConstantPool	Expo/aF_3$ConstantPool
Expo/aG	Expo/aG_3
Expo/aG$ConstantPool	Expo/aG_3$ConstantPool
Expo/aH	Expo/aH_3
Expo/aH$ConstantPool	Expo/aH_3$ConstantPool
Expo/aI	Expo/aI_3
Expo/aI$ConstantPool	Expo/aI_3$ConstantPool
Expo/aJ	Expo/aJ_3
Expo/aJ$ConstantPool	Expo/aJ_3$ConstantPool
Expo/aK	Expo/aK_3
Expo/aK$ConstantPool	Expo/aK_3$ConstantPool
Expo/aL	Expo/aL_3
Expo/aL$ConstantPool	Expo/aL_3$ConstantPool
Expo/aM	Expo/aM_3
Expo/aM$ConstantPool	Expo/aM_3$ConstantPool
Expo/aN	Expo/aN_3
Expo/aN$ConstantPool	Expo/aN_3$ConstantPool
Expo/aO	Expo/aO_3
Expo/aO$ConstantPool	Expo/aO_3$ConstantPool
Expo/aP	Expo/aP_3
Expo/aP$ConstantPool	Expo/aP_3$ConstantPool
Expo/aQ	Expo/aQ_3
Expo/aQ$ConstantPool	Expo/aQ_3$ConstantPool
Expo/aR	Expo/aR_3
Expo/aR$ConstantPool	Expo/aR_3$ConstantPool
Expo/aS	Expo/aS_3
Expo/aS$ConstantPool	Expo/aS_3$ConstantPool
Expo/aT	Expo/aT_3
Expo/aT$ConstantPool	Expo/aT_3$ConstantPool
Expo/aU	Expo/aU_3
Expo/aU$ConstantPool	Expo/aU_3$ConstantPool
Expo/aV	Expo/aV_3
Expo/aV$ConstantPool	Expo/aV_3$ConstantPool
Expo/aW	Expo/aW_3
Expo/aW$ConstantPool	Expo/aW_3$ConstantPool
Expo/aX	Expo/aX_3
Expo/aX$ConstantPool	Expo/aX_3$ConstantPool
Expo/aY	Expo/aY_3
Expo/aY$ConstantPool	Expo/aY_3$ConstantPool
Expo/aZ	Expo/aZ_3
Expo/aZ$ConstantPool	Expo/aZ_3$ConstantPool
Expo/a_	Expo/a__2
Expo/a_$ConstantPool	Expo/a__2$ConstantPool
Expo/aa	Expo/aa_4
Expo/aa$ConstantPool	Expo/aa_4$ConstantPool
Expo/ab	Expo/ab_4
Expo/ab$ConstantPool	Expo/ab_4$ConstantPool
Expo/ac	Expo/ac_4
Expo/ac$ConstantPool	Expo/ac_4$ConstantPool
Expo/ad	Expo/ad_4
Expo/ad$ConstantPool	Expo/ad_4$ConstantPool
Expo/ae	Expo/ae_4
Expo/ae$ConstantPool	Expo/ae_4$ConstantPool
Expo/af	Expo/af_4
Expo/af$ConstantPool	Expo/af_4$ConstantPool
Expo/ag	Expo/ag_4
Expo/ag$ConstantPool	Expo/ag_4$ConstantPool
Expo/ah	Expo/ah_4
Expo/ah$ConstantPool	Expo/ah_4$ConstantPool
Expo/ai	Expo/ai_4
Expo/ai$ConstantPool	Expo/ai_4$ConstantPool
Expo/aj	Expo/aj_4
Expo/aj$ConstantPool	Expo/aj_4$ConstantPool
Expo/ak	Expo/ak_4
Expo/ak$ConstantPool	Expo/ak_4$ConstantPool
Expo/al	Expo/al_4
Expo/al$ConstantPool	Expo/al_4$ConstantPool
Expo/am	Expo/am_4
Expo/am$ConstantPool	Expo/am_4$ConstantPool
Expo/an	Expo/an_4
Expo/an$ConstantPool	Expo/an_4$ConstantPool
Expo/ao	Expo/ao_4
Expo/ao$ConstantPool	Expo/ao_4$ConstantPool
Expo/ap	Expo/ap_4
Expo/ap$ConstantPool	Expo/ap_4$ConstantPool
Expo/aq	Expo/aq_4
Expo/aq$ConstantPool	Expo/aq_4$ConstantPool
Expo/ar	Expo/ar_4
Expo/ar$ConstantPool	Expo/ar_4$ConstantPool
Expo/as	Expo/as_4
Expo/as$ConstantPool	Expo/as_4$ConstantPool
Expo/at	Expo/at_4
Expo/at$ConstantPool	Expo/at_4$ConstantPool
Expo/au	Expo/au_4
Expo/au$ConstantPool	Expo/au_4$ConstantPool
Expo/av	Expo/av_4
Expo/av$ConstantPool	Expo/av_4$ConstantPool
Expo/aw	Expo/aw_4
Expo/aw$ConstantPool	Expo/aw_4$ConstantPool
Expo/ax	Expo/ax_4
Expo/ax$ConstantPool	Expo/ax_4$ConstantPool
Expo/ay	Expo/ay_4
Expo/ay$ConstantPool	Expo/ay_4$ConstantPool
Expo/az	Expo/az_4
Expo/az$ConstantPool	Expo/az_4$ConstantPool
Expo/b	Expo/b_2
Expo/b$ConstantPool	Expo/b_2$ConstantPool
Expo/ba	Expo/ba_2
Expo/ba$ConstantPool	Expo/ba_2$ConstantPool
Expo/bb	Expo/bb_2
Expo/bb$ConstantPool	Expo/bb_2$ConstantPool
Expo/bc	Expo/bc_2
Expo/bc$ConstantPool	Expo/bc_2$ConstantPool
Expo/bd	Expo/bd_2
Expo/bd$ConstantPool	Expo/bd_2$ConstantPool
Expo/be	Expo/be_2
Expo/be$ConstantPool	Expo/be_2$ConstantPool
Expo/bf	Expo/bf_2
Expo/bf$ConstantPool	Expo/bf_2$ConstantPool
Expo/bg	Expo/bg_2
Expo/bg$ConstantPool	Expo/bg_2$ConstantPool
Expo/bh	Expo/bh_2
Expo/bh$ConstantPool	Expo/bh_2$ConstantPool
Expo/bi	Expo/bi_2
Expo/bi$ConstantPool	Expo/bi_2$ConstantPool
Expo/bj	Expo/bj_2
Expo/bj$ConstantPool	Expo/bj_2$ConstantPool
Expo/bk	Expo/bk_2
Expo/bk$ConstantPool	Expo/bk_2$ConstantPool
Expo/bl	Expo/bl_2
Expo/bl$ConstantPool	Expo/bl_2$ConstantPool
Expo/bm	Expo/bm_2
Expo/bm$ConstantPool	Expo/bm_2$ConstantPool
Expo/bn	Expo/bn_2
Expo/bn$ConstantPool	Expo/bn_2$ConstantPool
Expo/bo	Expo/bo_2
Expo/bo$ConstantPool	Expo/bo_2$ConstantPool
Expo/bp	Expo/bp_2
Expo/bp$ConstantPool	Expo/bp_2$ConstantPool
Expo/bq	Expo/bq_2
Expo/bq$ConstantPool	Expo/bq_2$ConstantPool
Expo/br	Expo/br_2
Expo/br$ConstantPool	Expo/br_2$ConstantPool
Expo/bs	Expo/bs_2
Expo/bs$ConstantPool	Expo/bs_2$ConstantPool
Expo/bt	Expo/bt_2
Expo/bt$ConstantPool	Expo/bt_2$ConstantPool
Expo/bu	Expo/bu_2
Expo/bu$ConstantPool	Expo/bu_2$ConstantPool
Expo/bv	Expo/bv_2
Expo/bv$ConstantPool	Expo/bv_2$ConstantPool
Expo/bw	Expo/bw_2
Expo/bw$ConstantPool	Expo/bw_2$ConstantPool
Expo/bx	Expo/bx_2
Expo/bx$ConstantPool	Expo/bx_2$ConstantPool
Expo/by	Expo/by_2
Expo/by$ConstantPool	Expo/by_2$ConstantPool
Expo/bz	Expo/bz_2
Expo/bz$ConstantPool	Expo/bz_2$ConstantPool
Expo/c	Expo/c_2
Expo/c$ConstantPool	Expo/c_2$ConstantPool
Expo/d	Expo/d_2
Expo/d$ConstantPool	Expo/d_2$ConstantPool
Expo/e	Expo/e_2
Expo/e$ConstantPool	Expo/e_2$ConstantPool
Expo/f	Expo/f_2
Expo/f$ConstantPool	Expo/f_2$ConstantPool
Expo/g	Expo/g_2
Expo/g$ConstantPool	Expo/g_2$ConstantPool
Expo/h	Expo/h_2
Expo/h$ConstantPool	Expo/h_2$ConstantPool
Expo/i	Expo/i_2
Expo/i$ConstantPool	Expo/i_2$ConstantPool
Expo/ia	Expo/ia_2
Expo/ia$ConstantPool	Expo/ia_2$ConstantPool
Expo/ib	Expo/ib_2
Expo/ib$ConstantPool	Expo/ib_2$ConstantPool
Expo/ic	Expo/ic_2
Expo/ic$ConstantPool	Expo/ic_2$ConstantPool
Expo/id	Expo/id_2
Expo/id$ConstantPool	Expo/id_2$ConstantPool
Expo/ie	Expo/ie_2
Expo/ie$ConstantPool	Expo/ie_2$ConstantPool
Expo/ig	Expo/ig_2
Expo/ig$ConstantPool	Expo/ig_2$ConstantPool
Expo/ih	Expo/ih_2
Expo/ih$ConstantPool	Expo/ih_2$ConstantPool
Expo/ii	Expo/ii_2
Expo/ii$ConstantPool	Expo/ii_2$ConstantPool
Expo/ij	Expo/ij_2
Expo/ij$ConstantPool	Expo/ij_2$ConstantPool
Expo/ik	Expo/ik_2
Expo/ik$ConstantPool	Expo/ik_2$ConstantPool
Expo/il	Expo/il_2
Expo/il$ConstantPool	Expo/il_2$ConstantPool
Expo/im	Expo/im_2
Expo/im$ConstantPool	Expo/im_2$ConstantPool
Expo/in	Expo/in_2
Expo/in$ConstantPool	Expo/in_2$ConstantPool
Expo/io	Expo/io_2
Expo/io$ConstantPool	Expo/io_2$ConstantPool
Expo/ip	Expo/ip_2
Expo/ip$ConstantPool	Expo/ip_2$ConstantPool
Expo/iq	Expo/iq_2
Expo/iq$ConstantPool	Expo/iq_2$ConstantPool
Expo/ir	Expo/ir_2
Expo/ir$ConstantPool	Expo/ir_2$ConstantPool
Expo/is	Expo/is_2
Expo/is$ConstantPool	Expo/is_2$ConstantPool
Expo/it	Expo/it_2
Expo/it$ConstantPool	Expo/it_2$ConstantPool
Expo/iu	Expo/iu_2
Expo/iu$ConstantPool	Expo/iu_2$ConstantPool
Expo/iv	Expo/iv_2
Expo/iv$ConstantPool	Expo/iv_2$ConstantPool
Expo/iw	Expo/iw_2
Expo/iw$ConstantPool	Expo/iw_2$ConstantPool
Expo/ix	Expo/ix_2
Expo/ix$ConstantPool	Expo/ix_2$ConstantPool
Expo/iy	Expo/iy_2
Expo/iy$ConstantPool	Expo/iy_2$ConstantPool
Expo/iz	Expo/iz_2
Expo/iz$ConstantPool	Expo/iz_2$ConstantPool
Expo/j	Expo/j_2
Expo/j$ConstantPool	Expo/j_2$ConstantPool
Expo/k	Expo/k_2
Expo/k$ConstantPool	Expo/k_2$ConstantPool
Expo/l	Expo/l_2
Expo/l$ConstantPool	Expo/l_2$ConstantPool
Expo/m	Expo/m_2
Expo/m$ConstantPool	Expo/m_2$ConstantPool
Expo/n	Expo/n_2
Expo/n$ConstantPool	Expo/n_2$ConstantPool
Expo/o	Expo/o_2
Expo/o$ConstantPool	Expo/o_2$ConstantPool
Expo/oa	Expo/oa_2
Expo/oa$ConstantPool	Expo/oa_2$ConstantPool
Expo/ob	Expo/ob_2
Expo/ob$ConstantPool	Expo/ob_2$ConstantPool
Expo/oc	Expo/oc_2
Expo/oc$ConstantPool	Expo/oc_2$ConstantPool
Expo/od	Expo/od_2
Expo/od$ConstantPool	Expo/od_2$ConstantPool
Expo/oe	Expo/oe_2
Expo/oe$ConstantPool	Expo/oe_2$ConstantPool
Expo/of	Expo/of_2
Expo/of$ConstantPool	Expo/of_2$ConstantPool
Expo/og	Expo/og_2
Expo/og$ConstantPool	Expo/og_2$ConstantPool
Expo/oh	Expo/oh_2
Expo/oh$ConstantPool	Expo/oh_2$ConstantPool
Expo/oi	Expo/oi_2
Expo/oi$ConstantPool	Expo/oi_2$ConstantPool
Expo/oj	Expo/oj_2
Expo/oj$ConstantPool	Expo/oj_2$ConstantPool
Expo/ok	Expo/ok_2
Expo/ok$ConstantPool	Expo/ok_2$ConstantPool
Expo/ol	Expo/ol_2
Expo/ol$ConstantPool	Expo/ol_2$ConstantPool
Expo/om	Expo/om_2
Expo/om$ConstantPool	Expo/om_2$ConstantPool
Expo/on	Expo/on_2
Expo/on$ConstantPool	Expo/on_2$ConstantPool
Expo/oo	Expo/oo_2
Expo/oo$ConstantPool	Expo/oo_2$ConstantPool
Expo/op	Expo/op_2
Expo/op$ConstantPool	Expo/op_2$ConstantPool
Expo/oq	Expo/oq_2
Expo/oq$ConstantPool	Expo/oq_2$ConstantPool
Expo/or	Expo/or_2
Expo/or$ConstantPool	Expo/or_2$ConstantPool
Expo/os	Expo/os_2
Expo/os$ConstantPool	Expo/os_2$ConstantPool
Expo/ot	Expo/ot_2
Expo/ot$ConstantPool	Expo/ot_2$ConstantPool
Expo/ou	Expo/ou_2
Expo/ou$ConstantPool	Expo/ou_2$ConstantPool
Expo/ov	Expo/ov_2
Expo/ov$ConstantPool	Expo/ov_2$ConstantPool
Expo/ow	Expo/ow_2
Expo/ow$ConstantPool	Expo/ow_2$ConstantPool
Expo/ox	Expo/ox_2
Expo/ox$ConstantPool	Expo/ox_2$ConstantPool
Expo/oy	Expo/oy_2
Expo/oy$ConstantPool	Expo/oy_2$ConstantPool
Expo/oz	Expo/oz_2
Expo/oz$ConstantPool	Expo/oz_2$ConstantPool
Expo/p	Expo/p_2
Expo/p$ConstantPool	Expo/p_2$ConstantPool
Expo/q	Expo/q_2
Expo/q$ConstantPool	Expo/q_2$ConstantPool
Expo/qa	Expo/qa_2
Expo/qa$ConstantPool	Expo/qa_2$ConstantPool
Expo/qb	Expo/qb_2
Expo/qb$ConstantPool	Expo/qb_2$ConstantPool
Expo/qc	Expo/qc_2
Expo/qc$ConstantPool	Expo/qc_2$ConstantPool
Expo/qd	Expo/qd_2
Expo/qd$ConstantPool	Expo/qd_2$ConstantPool
Expo/qe	Expo/qe_2
Expo/qe$ConstantPool	Expo/qe_2$ConstantPool
Expo/qf	Expo/qf_2
Expo/qf$ConstantPool	Expo/qf_2$ConstantPool
Expo/qg	Expo/qg_2
Expo/qg$ConstantPool	Expo/qg_2$ConstantPool
Expo/qh	Expo/qh_2
Expo/qh$ConstantPool	Expo/qh_2$ConstantPool
Expo/qi	Expo/qi_2
Expo/qi$ConstantPool	Expo/qi_2$ConstantPool
Expo/qj	Expo/qj_2
Expo/qj$ConstantPool	Expo/qj_2$ConstantPool
Expo/qk	Expo/qk_2
Expo/qk$ConstantPool	Expo/qk_2$ConstantPool
Expo/ql	Expo/ql_2
Expo/ql$ConstantPool	Expo/ql_2$ConstantPool
Expo/qm	Expo/qm_2
Expo/qm$ConstantPool	Expo/qm_2$ConstantPool
Expo/qn	Expo/qn_2
Expo/qn$ConstantPool	Expo/qn_2$ConstantPool
Expo/qo	Expo/qo_2
Expo/qo$ConstantPool	Expo/qo_2$ConstantPool
Expo/qp	Expo/qp_2
Expo/qp$ConstantPool	Expo/qp_2$ConstantPool
Expo/qq	Expo/qq_2
Expo/qq$ConstantPool	Expo/qq_2$ConstantPool
Expo/qr	Expo/qr_2
Expo/qr$ConstantPool	Expo/qr_2$ConstantPool
Expo/qs	Expo/qs_2
Expo/qs$ConstantPool	Expo/qs_2$ConstantPool
Expo/qt	Expo/qt_2
Expo/qt$ConstantPool	Expo/qt_2$ConstantPool
Expo/qu	Expo/qu_2
Expo/qu$ConstantPool	Expo/qu_2$ConstantPool
Expo/qv	Expo/qv_2
Expo/qv$ConstantPool	Expo/qv_2$ConstantPool
Expo/qw	Expo/qw_2
Expo/qw$ConstantPool	Expo/qw_2$ConstantPool
Expo/qx	Expo/qx_2
Expo/qx$ConstantPool	Expo/qx_2$ConstantPool
Expo/qy	Expo/qy_2
Expo/qy$ConstantPool	Expo/qy_2$ConstantPool
Expo/qz	Expo/qz_2
Expo/qz$ConstantPool	Expo/qz_2$ConstantPool
Expo/r	Expo/r_2
Expo/r$ConstantPool	Expo/r_2$ConstantPool
Expo/s	Expo/s_2
Expo/s$ConstantPool	Expo/s_2$ConstantPool
Expo/t	Expo/t_2
Expo/t$ConstantPool	Expo/t_2$ConstantPool
Expo/u	Expo/u_2
Expo/u$ConstantPool	Expo/u_2$ConstantPool
Expo/v	Expo/v_2
Expo/v$ConstantPool	Expo/v_2$ConstantPool
Expo/w	Expo/w_2
Expo/w$ConstantPool	Expo/w_2$ConstantPool
Expo/x	Expo/x_2
Expo/x$ConstantPool	Expo/x_2$ConstantPool
Expo/y	Expo/y_2
Expo/y$ConstantPool	Expo/y_2$ConstantPool
Expo/ya	Expo/ya_2
Expo/ya$ConstantPool	Expo/ya_2$ConstantPool
Expo/yb	Expo/yb_2
Expo/yb$ConstantPool	Expo/yb_2$ConstantPool
Expo/yc	Expo/yc_2
Expo/yc$ConstantPool	Expo/yc_2$ConstantPool
Expo/yd	Expo/yd_2
Expo/yd$ConstantPool	Expo/yd_2$ConstantPool
Expo/ye	Expo/ye_2
Expo/ye$ConstantPool	Expo/ye_2$ConstantPool
Expo/yf	Expo/yf_2
Expo/yf$ConstantPool	Expo/yf_2$ConstantPool
Expo/yg	Expo/yg_2
Expo/yg$ConstantPool	Expo/yg_2$ConstantPool
Expo/yh	Expo/yh_2
Expo/yh$ConstantPool	Expo/yh_2$ConstantPool
Expo/yi	Expo/yi_2
Expo/yi$ConstantPool	Expo/yi_2$ConstantPool
Expo/yj	Expo/yj_2
Expo/yj$ConstantPool	Expo/yj_2$ConstantPool
Expo/yk	Expo/yk_2
Expo/yk$ConstantPool	Expo/yk_2$ConstantPool
Expo/yl	Expo/yl_2
Expo/yl$ConstantPool	Expo/yl_2$ConstantPool
Expo/ym	Expo/ym_2
Expo/ym$ConstantPool	Expo/ym_2$ConstantPool
Expo/yn	Expo/yn_2
Expo/yn$ConstantPool	Expo/yn_2$ConstantPool
Expo/yo	Expo/yo_2
Expo/yo$ConstantPool	Expo/yo_2$ConstantPool
Expo/yp	Expo/yp_2
Expo/yp$ConstantPool	Expo/yp_2$ConstantPool
Expo/yq	Expo/yq_2
Expo/yq$ConstantPool	Expo/yq_2$ConstantPool
Expo/yr	Expo/yr_2
Expo/yr$ConstantPool	Expo/yr_2$ConstantPool
Expo/ys	Expo/ys_2
Expo/ys$ConstantPool	Expo/ys_2$ConstantPool
Expo/yt	Expo/yt_2
Expo/yt$ConstantPool	Expo/yt_2$ConstantPool
Expo/yu	Expo/yu_2
Expo/yu$ConstantPool	Expo/yu_2$ConstantPool
Expo/yv	Expo/yv_2
Expo/yv$ConstantPool	Expo/yv_2$ConstantPool
Expo/yw	Expo/yw_2
Expo/yw$ConstantPool	Expo/yw_2$ConstantPool
Expo/yx	Expo/yx_2
Expo/yx$ConstantPool	Expo/yx_2$ConstantPool
Expo/yy	Expo/yy_2
Expo/yy$ConstantPool	Expo/yy_2$ConstantPool
Expo/yz	Expo/yz_2
Expo/yz$ConstantPool	Expo/yz_2$ConstantPool
Expo/z	Expo/z_2
Expo/z$ConstantPool	Expo/z_2$ConstantPool
Expo/z0	Expo/z0_2
Expo/z0$ConstantPool	Expo/z0_2$ConstantPool
Expo/z1	Expo/z1_2
Expo/z1$ConstantPool	Expo/z1_2$ConstantPool
Expo/z2	Expo/z2_2
Expo/z2$ConstantPool	Expo/z2_2$ConstantPool
Expo/z3	Expo/z3_2
Expo/z3$ConstantPool	Expo/z3_2$ConstantPool
Expo/z4	Expo/z4_2
Expo/z4$ConstantPool	Expo/z4_2$ConstantPool
Expo/z5	Expo/z5_2
Expo/z5$ConstantPool	Expo/z5_2$ConstantPool
Expo/z6	Expo/z6_2
Expo/z6$ConstantPool	Expo/z6_2$ConstantPool
Expo/z7	Expo/z7_2
Expo/z7$ConstantPool	Expo/z7_2$ConstantPool
Expo/z8	Expo/z8_2
Expo/z8$ConstantPool	Expo/z8_2$ConstantPool
Expo/z9	Expo/z9_2
Expo/z9$ConstantPool	Expo/z9_2$ConstantPool
Expo/zA	Expo/zA_3
Expo/zA$ConstantPool	Expo/zA_3$ConstantPool
Expo/zB	Expo/zB_3
Expo/zB$ConstantPool	Expo/zB_3$ConstantPool
Expo/zC	Expo/zC_3
Expo/zC$ConstantPool	Expo/zC_3$ConstantPool
Expo/zD	Expo/zD_3
Expo/zD$ConstantPool	Expo/zD_3$ConstantPool
Expo/zE	Expo/zE_3
Expo/zE$ConstantPool	Expo/zE_3$ConstantPool
Expo/zF	Expo/zF_3
Expo/zF$ConstantPool	Expo/zF_3$ConstantPool
Expo/zG	Expo/zG_3
Expo/zG$ConstantPool	Expo/zG_3$ConstantPool
Expo/zH	Expo/zH_3
Expo/zH$ConstantPool	Expo/zH_3$ConstantPool
Expo/zI	Expo/zI_3
Expo/zI$ConstantPool	Expo/zI_3$ConstantPool
Expo/zJ	Expo/zJ_3
Expo/zJ$ConstantPool	Expo/zJ_3$ConstantPool
Expo/zK	Expo/zK_3
Expo/zK$ConstantPool	Expo/zK_3$ConstantPool
Expo/zL	Expo/zL_3
Expo/zL$ConstantPool	Expo/zL_3$ConstantPool
Expo/zM	Expo/zM_3
Expo/zM$ConstantPool	Expo/zM_3$ConstantPool
Expo/zN	Expo/zN_3
Expo/zN$ConstantPool	Expo/zN_3$ConstantPool
Expo/zO	Expo/zO_3
Expo/zO$ConstantPool	Expo/zO_3$ConstantPool
Expo/zP	Expo/zP_3
Expo/zP$ConstantPool	Expo/zP_3$ConstantPool
Expo/zQ	Expo/zQ_3
Expo/zQ$ConstantPool	Expo/zQ_3$ConstantPool
Expo/zR	Expo/zR_3
Expo/zR$ConstantPool	Expo/zR_3$ConstantPool
Expo/zS	Expo/zS_3
Expo/zS$ConstantPool	Expo/zS_3$ConstantPool
Expo/zT	Expo/zT_3
Expo/zT$ConstantPool	Expo/zT_3$ConstantPool
Expo/zU	Expo/zU_3
Expo/zU$ConstantPool	Expo/zU_3$ConstantPool
Expo/zV	Expo/zV_3
Expo/zV$ConstantPool	Expo/zV_3$ConstantPool
Expo/zW	Expo/zW_3
Expo/zW$ConstantPool	Expo/zW_3$ConstantPool
Expo/zX	Expo/zX_3
Expo/zX$ConstantPool	Expo/zX_3$ConstantPool
Expo/zY	Expo/zY_3
Expo/zY$ConstantPool	Expo/zY_3$ConstantPool
Expo/zZ	Expo/zZ_3
Expo/zZ$ConstantPool	Expo/zZ_3$ConstantPool
Expo/z_	Expo/z__2
Expo/z_$ConstantPool	Expo/z__2$ConstantPool
Expo/za	Expo/za_4
Expo/za$ConstantPool	Expo/za_4$ConstantPool
Expo/zb	Expo/zb_4
Expo/zb$ConstantPool	Expo/zb_4$ConstantPool
Expo/zc	Expo/zc_4
Expo/zc$ConstantPool	Expo/zc_4$ConstantPool
Expo/zd	Expo/zd_4
Expo/zd$ConstantPool	Expo/zd_4$ConstantPool
Expo/ze	Expo/ze_4
Expo/ze$ConstantPool	Expo/ze_4$ConstantPool
Expo/zf	Expo/zf_4
Expo/zf$ConstantPool	Expo/zf_4$ConstantPool
Expo/zg	Expo/zg_4
Expo/zg$ConstantPool	Expo/zg_4$ConstantPool
Expo/zh	Expo/zh_4
Expo/zh$ConstantPool	Expo/zh_4$ConstantPool
Expo/zi	Expo/zi_4
Expo/zi$ConstantPool	Expo/zi_4$ConstantPool
Expo/zj	Expo/zj_4
Expo/zj$ConstantPool	Expo/zj_4$ConstantPool
Expo/zk	Expo/zk_4
Expo/zk$ConstantPool	Expo/zk_4$ConstantPool
Expo/zl	Expo/zl_4
Expo/zl$ConstantPool	Expo/zl_4$ConstantPool
Expo/zm	Expo/zm_4
Expo/zm$ConstantPool	Expo/zm_4$ConstantPool
Expo/zn	Expo/zn_4
Expo/zn$ConstantPool	Expo/zn_4$ConstantPool
Expo/zo	Expo/zo_4
Expo/zo$ConstantPool	Expo/zo_4$ConstantPool
Expo/zp	Expo/zp_4
Expo/zp$ConstantPool	Expo/zp_4$ConstantPool
Expo/zq	Expo/zq_4
Expo/zq$ConstantPool	Expo/zq_4$ConstantPool
Expo/zr	Expo/zr_4
Expo/zr$ConstantPool	Expo/zr_4$ConstantPool
Expo/zs	Expo/zs_4
Expo/zs$ConstantPool	Expo/zs_4$ConstantPool
Expo/zt	Expo/zt_4
Expo/zt$ConstantPool	Expo/zt_4$ConstantPool
Expo/zu	Expo/zu_4
Expo/zu$ConstantPool	Expo/zu_4$ConstantPool
Expo/zv	Expo/zv_4
Expo/zv$ConstantPool	Expo/zv_4$ConstantPool
Expo/zw	Expo/zw_4
Expo/zw$ConstantPool	Expo/zw_4$ConstantPool
Expo/zx	Expo/zx_4
Expo/zx$ConstantPool	Expo/zx_4$ConstantPool
Expo/zy	Expo/zy_4
Expo/zy$ConstantPool	Expo/zy_4$ConstantPool
Expo/zz	Expo/zz_4
Expo/zz$ConstantPool	Expo/zz_4$ConstantPool
dev/jnic/Rlncxp/l	dev/jnic/Rlncxp/l_2
loader_forgemod/a	loader_forgemod/a_2
loader_forgemod/b	loader_forgemod/b_2
loader_forgemod/c	loader_forgemod/c_2
loader_forgemod/d	loader_forgemod/d_2
loader_forgemod/e	loader_forgemod/e_2
loader_forgemod/f	loader_forgemod/f_2
loader_forgemod/g	loader_forgemod/g_2
loader_forgemod/h	loader_forgemod/h_2
loader_forgemod/i	loader_forgemod/i_2
loader_forgemod/j	loader_forgemod/j_2
loader_forgemod/k	loader_forgemod/k_2
